{
  "version": "5.1.1",
  "flags": {},
  "shapes": [
    {
      "label": "varun",
      "points": [
        [
          531.2745098039215,
          467.69607843137254
        ],
        [
          239.1176470588235,
          47.598039215686285
        ]
      ],
      "group_id": null,
      "shape_type": "rectangle",
      "flags": {}
    }
  ],
  "imagePath": "..\\images\\92c38f12-cd58-11ed-84c0-ac74b1706353.jpg",
  "imageData": null,
  "imageHeight": 480,
  "imageWidth": 640
}