{
  "version": "5.1.1",
  "flags": {},
  "shapes": [
    {
      "label": "varun",
      "points": [
        [
          442.0588235294117,
          424.0686274509804
        ],
        [
          247.9411764705882,
          195.14705882352942
        ]
      ],
      "group_id": null,
      "shape_type": "rectangle",
      "flags": {}
    }
  ],
  "imagePath": "..\\images\\93b6b704-cd58-11ed-93ae-ac74b1706353.jpg",
  "imageData": null,
  "imageHeight": 480,
  "imageWidth": 640
}