{
  "version": "5.1.1",
  "flags": {},
  "shapes": [
    {
      "label": "varun",
      "points": [
        [
          261.66666666666686,
          185.34313725490196
        ],
        [
          529.8039215686276,
          473.0882352941176
        ]
      ],
      "group_id": null,
      "shape_type": "rectangle",
      "flags": {}
    }
  ],
  "imagePath": "..\\images\\ee6ff30b-cd58-11ed-b4b0-ac74b1706353.jpg",
  "imageData": null,
  "imageHeight": 480,
  "imageWidth": 640
}