{
  "version": "5.1.1",
  "flags": {},
  "shapes": [
    {
      "label": "varun",
      "points": [
        [
          488.62745098039215,
          471.61764705882354
        ],
        [
          305.2941176470588,
          180.9313725490196
        ]
      ],
      "group_id": null,
      "shape_type": "rectangle",
      "flags": {}
    },
    {
      "label": "varun",
      "points": [
        [
          306.27450980392155,
          181.421568627451
        ],
        [
          489.6078431372548,
          472.59803921568624
        ]
      ],
      "group_id": null,
      "shape_type": "rectangle",
      "flags": {}
    },
    {
      "label": "varun",
      "points": [
        [
          489.6078431372548,
          181.421568627451
        ],
        [
          306.7647058823529,
          472.59803921568624
        ]
      ],
      "group_id": null,
      "shape_type": "rectangle",
      "flags": {}
    },
    {
      "label": "varun",
      "points": [
        [
          307.2549019607843,
          181.421568627451
        ],
        [
          489.1176470588234,
          472.10784313725486
        ]
      ],
      "group_id": null,
      "shape_type": "rectangle",
      "flags": {}
    }
  ],
  "imagePath": "..\\images\\f051217c-cd58-11ed-9f98-ac74b1706353.jpg",
  "imageData": null,
  "imageHeight": 480,
  "imageWidth": 640
}