{
  "version": "5.1.1",
  "flags": {},
  "shapes": [
    {
      "label": "varun",
      "points": [
        [
          308.72549019607845,
          168.18627450980392
        ],
        [
          528.3333333333334,
          464.754901960784
        ]
      ],
      "group_id": null,
      "shape_type": "rectangle",
      "flags": {}
    }
  ],
  "imagePath": "..\\images\\f19378bb-cd58-11ed-8118-ac74b1706353.jpg",
  "imageData": null,
  "imageHeight": 480,
  "imageWidth": 640
}